{
    "plddts": {
        "model_1_pred_0": 95.04722712749648,
        "model_2_pred_0": 95.0517639653388,
        "model_3_pred_0": 94.42547292598351,
        "model_4_pred_0": 95.39038975679674,
        "model_5_pred_0": 94.27687411320717
    },
    "order": [
        "model_4_pred_0",
        "model_2_pred_0",
        "model_1_pred_0",
        "model_3_pred_0",
        "model_5_pred_0"
    ]
}